Influencer Handle,Followers,Genre,Bio,Post URL,Post Time,Content Type,Title (Caption),Total Likes,comments_counts
@user1,761686,Technology,"Tech reviews, gadgets, and productivity hacks.",https://instagram.com/p/11,2025-05-31T15:25:00Z,video,Keyboard shortcuts that save hours,15377,10
@user1,761686,Technology,"Tech reviews, gadgets, and productivity hacks.",https://instagram.com/p/12,2025-05-31T15:25:00Z,reel,Unboxing the latest iPhone ğŸ“¦,2259,2434
@user1,761686,Technology,"Tech reviews, gadgets, and productivity hacks.",https://instagram.com/p/13,2025-05-31T15:25:00Z,video,Tech gadgets under $50,12130,10
@user1,761686,Technology,"Tech reviews, gadgets, and productivity hacks.",https://instagram.com/p/14,2025-05-31T15:25:00Z,post,5 AI tools to boost productivity,11605,10
@user1,761686,Technology,"Tech reviews, gadgets, and productivity hacks.",https://instagram.com/p/15,2025-05-31T15:25:00Z,video,Tech gadgets under $50,5665,10
@user2,802006,Technology,"Tech reviews, gadgets, and productivity hacks.",https://instagram.com/p/21,2025-05-31T15:25:00Z,video,Unboxing the latest iPhone ğŸ“¦,2481,10
@user2,802006,Technology,"Tech reviews, gadgets, and productivity hacks.",https://instagram.com/p/22,2025-05-31T15:25:00Z,video,Unboxing the latest iPhone ğŸ“¦,19374,234
@user2,802006,Technology,"Tech reviews, gadgets, and productivity hacks.",https://instagram.com/p/23,2025-05-31T15:25:00Z,post,5 AI tools to boost productivity,10460,10
@user2,802006,Technology,"Tech reviews, gadgets, and productivity hacks.",https://instagram.com/p/24,2025-05-31T15:25:00Z,post,Tech gadgets under $50,2556,10
@user2,802006,Technology,"Tech reviews, gadgets, and productivity hacks.",https://instagram.com/p/25,2025-05-31T15:25:00Z,reel,Keyboard shortcuts that save hours,3168,10
@user3,786616,Gaming,"Streaming highlights, game reviews & epic fails ğŸ®",https://instagram.com/p/31,2025-05-31T15:25:00Z,reel,New game release review ğŸ®,2245,10
@user3,786616,Gaming,"Streaming highlights, game reviews & epic fails ğŸ®",https://instagram.com/p/32,2025-05-31T15:25:00Z,video,VR gaming setup tour ğŸ¥½,16651,10
@user3,786616,Gaming,"Streaming highlights, game reviews & epic fails ğŸ®",https://instagram.com/p/33,2025-05-31T15:25:00Z,post,New game release review ğŸ®,9580,423423
@user3,786616,Gaming,"Streaming highlights, game reviews & epic fails ğŸ®",https://instagram.com/p/34,2025-05-31T15:25:00Z,video,VR gaming setup tour ğŸ¥½,11692,10
@user3,786616,Gaming,"Streaming highlights, game reviews & epic fails ğŸ®",https://instagram.com/p/35,2025-05-31T15:25:00Z,reel,VR gaming setup tour ğŸ¥½,13748,10
@user4,764213,Fashion,Daily outfit inspo & styling tips. Collabs & PR ğŸ“©,https://instagram.com/p/41,2025-05-31T15:25:00Z,video,Behind the scenes shoot ğŸ¬,2855,10
@user4,764213,Fashion,Daily outfit inspo & styling tips. Collabs & PR ğŸ“©,https://instagram.com/p/42,2025-05-31T15:25:00Z,video,Day to night look ğŸŒ—,13434,10
@user4,764213,Fashion,Daily outfit inspo & styling tips. Collabs & PR ğŸ“©,https://instagram.com/p/43,2025-05-31T15:25:00Z,video,Weekend brunch fit ğŸ¥‚,13343,10
@user4,764213,Fashion,Daily outfit inspo & styling tips. Collabs & PR ğŸ“©,https://instagram.com/p/44,2025-05-31T15:25:00Z,post,New drop alert ğŸš¨,5108,24234
@user4,764213,Fashion,Daily outfit inspo & styling tips. Collabs & PR ğŸ“©,https://instagram.com/p/45,2025-05-31T15:25:00Z,reel,Behind the scenes shoot ğŸ¬,12721,10
@user5,627953,Fashion,Daily outfit inspo & styling tips. Collabs & PR ğŸ“©,https://instagram.com/p/51,2025-05-31T15:25:00Z,video,Weekend brunch fit ğŸ¥‚,19108,10
@user5,627953,Fashion,Daily outfit inspo & styling tips. Collabs & PR ğŸ“©,https://instagram.com/p/52,2025-05-31T15:25:00Z,video,Behind the scenes shoot ğŸ¬,3369,10
@user5,627953,Fashion,Daily outfit inspo & styling tips. Collabs & PR ğŸ“©,https://instagram.com/p/53,2025-05-31T15:25:00Z,post,Weekend brunch fit ğŸ¥‚,12325,56345
@user5,627953,Fashion,Daily outfit inspo & styling tips. Collabs & PR ğŸ“©,https://instagram.com/p/54,2025-05-31T15:25:00Z,post,Weekend brunch fit ğŸ¥‚,1439,10
@user5,627953,Fashion,Daily outfit inspo & styling tips. Collabs & PR ğŸ“©,https://instagram.com/p/55,2025-05-31T15:25:00Z,video,Weekend brunch fit ğŸ¥‚,7428,10
@user6,991210,Gaming,"Streaming highlights, game reviews & epic fails ğŸ®",https://instagram.com/p/61,2025-05-31T15:25:00Z,video,Top 3 stream fails ğŸ¤¦,8542,10
@user6,991210,Gaming,"Streaming highlights, game reviews & epic fails ğŸ®",https://instagram.com/p/62,2025-05-31T15:25:00Z,video,Epic win in Apex Legends ğŸ”«,3727,10
@user6,991210,Gaming,"Streaming highlights, game reviews & epic fails ğŸ®",https://instagram.com/p/63,2025-05-31T15:25:00Z,video,Late-night grind highlights ğŸŒ™,11254,10
@user6,991210,Gaming,"Streaming highlights, game reviews & epic fails ğŸ®",https://instagram.com/p/64,2025-05-31T15:25:00Z,post,New game release review ğŸ®,13815,10
@user6,991210,Gaming,"Streaming highlights, game reviews & epic fails ğŸ®",https://instagram.com/p/65,2025-05-31T15:25:00Z,video,VR gaming setup tour ğŸ¥½,8711,4645
@user7,749324,Travel,"Exploring the world, one city at a time ğŸŒâœˆï¸",https://instagram.com/p/71,2025-05-31T15:25:00Z,video,Backpacking through Europe ğŸ’,5702,10
@user7,749324,Travel,"Exploring the world, one city at a time ğŸŒâœˆï¸",https://instagram.com/p/72,2025-05-31T15:25:00Z,video,Backpacking through Europe ğŸ’,16479,10
@user7,749324,Travel,"Exploring the world, one city at a time ğŸŒâœˆï¸",https://instagram.com/p/73,2025-05-31T15:25:00Z,video,Sunsets in Santorini ğŸŒ…,12854,10
@user7,749324,Travel,"Exploring the world, one city at a time ğŸŒâœˆï¸",https://instagram.com/p/74,2025-05-31T15:25:00Z,video,Backpacking through Europe ğŸ’,9472,42352
@user7,749324,Travel,"Exploring the world, one city at a time ğŸŒâœˆï¸",https://instagram.com/p/75,2025-05-31T15:25:00Z,reel,Sunsets in Santorini ğŸŒ…,2628,10
@user8,255183,Technology,"Tech reviews, gadgets, and productivity hacks.",https://instagram.com/p/81,2025-05-31T15:25:00Z,video,5 AI tools to boost productivity,17884,10
@user8,255183,Technology,"Tech reviews, gadgets, and productivity hacks.",https://instagram.com/p/82,2025-05-31T15:25:00Z,post,5 AI tools to boost productivity,4882,432468
@user8,255183,Technology,"Tech reviews, gadgets, and productivity hacks.",https://instagram.com/p/83,2025-05-31T15:25:00Z,post,5 AI tools to boost productivity,1524,10
@user8,255183,Technology,"Tech reviews, gadgets, and productivity hacks.",https://instagram.com/p/84,2025-05-31T15:25:00Z,video,Tech gadgets under $50,8448,10
@user8,255183,Technology,"Tech reviews, gadgets, and productivity hacks.",https://instagram.com/p/85,2025-05-31T15:25:00Z,video,Tech gadgets under $50,3059,10
@user9,824334,Fashion,Daily outfit inspo & styling tips. Collabs & PR ğŸ“©,https://instagram.com/p/91,2025-05-31T15:25:00Z,video,Day to night look ğŸŒ—,12272,35435
@user9,824334,Fashion,Daily outfit inspo & styling tips. Collabs & PR ğŸ“©,https://instagram.com/p/92,2025-05-31T15:25:00Z,video,New drop alert ğŸš¨,6383,10
@user9,824334,Fashion,Daily outfit inspo & styling tips. Collabs & PR ğŸ“©,https://instagram.com/p/93,2025-05-31T15:25:00Z,reel,Behind the scenes shoot ğŸ¬,13189,10
@user9,824334,Fashion,Daily outfit inspo & styling tips. Collabs & PR ğŸ“©,https://instagram.com/p/94,2025-05-31T15:25:00Z,video,Weekend brunch fit ğŸ¥‚,1205,10
@user9,824334,Fashion,Daily outfit inspo & styling tips. Collabs & PR ğŸ“©,https://instagram.com/p/95,2025-05-31T15:25:00Z,video,Summer vibes in linen ğŸŒ,14766,10
@user10,530858,Travel,"Exploring the world, one city at a time ğŸŒâœˆï¸",https://instagram.com/p/101,2025-05-31T15:25:00Z,reel,Mountain trails of Peru ğŸ”ï¸,2314,3454
@user10,530858,Travel,"Exploring the world, one city at a time ğŸŒâœˆï¸",https://instagram.com/p/102,2025-05-31T15:25:00Z,reel,Backpacking through Europe ğŸ’,6897,10
@user10,530858,Travel,"Exploring the world, one city at a time ğŸŒâœˆï¸",https://instagram.com/p/103,2025-05-31T15:25:00Z,post,Backpacking through Europe ğŸ’,6250,10
@user10,530858,Travel,"Exploring the world, one city at a time ğŸŒâœˆï¸",https://instagram.com/p/104,2025-05-31T15:25:00Z,post,Backpacking through Europe ğŸ’,3455,10
@user10,530858,Travel,"Exploring the world, one city at a time ğŸŒâœˆï¸",https://instagram.com/p/105,2025-05-31T15:25:00Z,post,Sunsets in Santorini ğŸŒ…,18063,10
@user11,771143,Fitness,"Sharing daily workout routines, healthy meals, and fitness tips.",https://instagram.com/p/111,2025-05-31T15:25:00Z,reel,5 bodyweight exercises at home,15354,10
@user11,771143,Fitness,"Sharing daily workout routines, healthy meals, and fitness tips.",https://instagram.com/p/112,2025-05-31T15:25:00Z,reel,Morning routine stretches ğŸŒ…,16801,3764
@user11,771143,Fitness,"Sharing daily workout routines, healthy meals, and fitness tips.",https://instagram.com/p/113,2025-05-31T15:25:00Z,video,Protein-packed breakfast,15130,10
@user11,771143,Fitness,"Sharing daily workout routines, healthy meals, and fitness tips.",https://instagram.com/p/114,2025-05-31T15:25:00Z,video,Weekend hike views ğŸï¸,3431,10
@user11,771143,Fitness,"Sharing daily workout routines, healthy meals, and fitness tips.",https://instagram.com/p/115,2025-05-31T15:25:00Z,reel,Crushed today's leg day!,5158,10
@user12,197372,Technology,"Tech reviews, gadgets, and productivity hacks.",https://instagram.com/p/121,2025-05-31T15:25:00Z,post,Unboxing the latest iPhone ğŸ“¦,9253,787698
@user12,197372,Technology,"Tech reviews, gadgets, and productivity hacks.",https://instagram.com/p/122,2025-05-31T15:25:00Z,reel,Tech gadgets under $50,16477,10
@user12,197372,Technology,"Tech reviews, gadgets, and productivity hacks.",https://instagram.com/p/123,2025-05-31T15:25:00Z,video,Unboxing the latest iPhone ğŸ“¦,3530,10
@user12,197372,Technology,"Tech reviews, gadgets, and productivity hacks.",https://instagram.com/p/124,2025-05-31T15:25:00Z,video,Tech gadgets under $50,15394,10
@user12,197372,Technology,"Tech reviews, gadgets, and productivity hacks.",https://instagram.com/p/125,2025-05-31T15:25:00Z,reel,Tech gadgets under $50,4658,10
@user13,419333,Fitness,"Sharing daily workout routines, healthy meals, and fitness tips.",https://instagram.com/p/131,2025-05-31T15:25:00Z,video,Crushed today's leg day!,1724,10
@user13,419333,Fitness,"Sharing daily workout routines, healthy meals, and fitness tips.",https://instagram.com/p/132,2025-05-31T15:25:00Z,video,Morning routine stretches ğŸŒ…,11254,10
@user13,419333,Fitness,"Sharing daily workout routines, healthy meals, and fitness tips.",https://instagram.com/p/133,2025-05-31T15:25:00Z,post,Morning routine stretches ğŸŒ…,1393,10
@user13,419333,Fitness,"Sharing daily workout routines, healthy meals, and fitness tips.",https://instagram.com/p/134,2025-05-31T15:25:00Z,post,Weekend hike views ğŸï¸,11770,532
@user13,419333,Fitness,"Sharing daily workout routines, healthy meals, and fitness tips.",https://instagram.com/p/135,2025-05-31T15:25:00Z,video,Morning routine stretches ğŸŒ…,12153,10
@user14,425780,Fitness,"Sharing daily workout routines, healthy meals, and fitness tips.",https://instagram.com/p/141,2025-05-31T15:25:00Z,reel,Weekend hike views ğŸï¸,8568,10
@user14,425780,Fitness,"Sharing daily workout routines, healthy meals, and fitness tips.",https://instagram.com/p/142,2025-05-31T15:25:00Z,post,Weekend hike views ğŸï¸,19461,10
@user14,425780,Fitness,"Sharing daily workout routines, healthy meals, and fitness tips.",https://instagram.com/p/143,2025-05-31T15:25:00Z,post,5 bodyweight exercises at home,18115,10
@user14,425780,Fitness,"Sharing daily workout routines, healthy meals, and fitness tips.",https://instagram.com/p/144,2025-05-31T15:25:00Z,video,Crushed today's leg day!,3351,10
@user14,425780,Fitness,"Sharing daily workout routines, healthy meals, and fitness tips.",https://instagram.com/p/145,2025-05-31T15:25:00Z,reel,Protein-packed breakfast,4137,275369
@user15,357627,Fashion,Daily outfit inspo & styling tips. Collabs & PR ğŸ“©,https://instagram.com/p/151,2025-05-31T15:25:00Z,post,New drop alert ğŸš¨,16046,10
@user15,357627,Fashion,Daily outfit inspo & styling tips. Collabs & PR ğŸ“©,https://instagram.com/p/152,2025-05-31T15:25:00Z,video,New drop alert ğŸš¨,6683,10
@user15,357627,Fashion,Daily outfit inspo & styling tips. Collabs & PR ğŸ“©,https://instagram.com/p/153,2025-05-31T15:25:00Z,reel,New drop alert ğŸš¨,16969,10
@user15,357627,Fashion,Daily outfit inspo & styling tips. Collabs & PR ğŸ“©,https://instagram.com/p/154,2025-05-31T15:25:00Z,video,Behind the scenes shoot ğŸ¬,16633,10
@user15,357627,Fashion,Daily outfit inspo & styling tips. Collabs & PR ğŸ“©,https://instagram.com/p/155,2025-05-31T15:25:00Z,video,New drop alert ğŸš¨,11592,10
@user16,259158,Travel,"Exploring the world, one city at a time ğŸŒâœˆï¸",https://instagram.com/p/161,2025-05-31T15:25:00Z,video,Mountain trails of Peru ğŸ”ï¸,14911,2343
@user16,259158,Travel,"Exploring the world, one city at a time ğŸŒâœˆï¸",https://instagram.com/p/162,2025-05-31T15:25:00Z,video,Sunsets in Santorini ğŸŒ…,11279,10
@user16,259158,Travel,"Exploring the world, one city at a time ğŸŒâœˆï¸",https://instagram.com/p/163,2025-05-31T15:25:00Z,video,Mountain trails of Peru ğŸ”ï¸,19764,10
@user16,259158,Travel,"Exploring the world, one city at a time ğŸŒâœˆï¸",https://instagram.com/p/164,2025-05-31T15:25:00Z,video,Top 5 places in Bali ğŸŒ´,16727,10
@user16,259158,Travel,"Exploring the world, one city at a time ğŸŒâœˆï¸",https://instagram.com/p/165,2025-05-31T15:25:00Z,post,Backpacking through Europe ğŸ’,16497,10
@user17,412580,Fashion,Daily outfit inspo & styling tips. Collabs & PR ğŸ“©,https://instagram.com/p/171,2025-05-31T15:25:00Z,video,Behind the scenes shoot ğŸ¬,19631,10
@user17,412580,Fashion,Daily outfit inspo & styling tips. Collabs & PR ğŸ“©,https://instagram.com/p/172,2025-05-31T15:25:00Z,video,Weekend brunch fit ğŸ¥‚,17898,1000
@user17,412580,Fashion,Daily outfit inspo & styling tips. Collabs & PR ğŸ“©,https://instagram.com/p/173,2025-05-31T15:25:00Z,video,Weekend brunch fit ğŸ¥‚,5750,10
@user17,412580,Fashion,Daily outfit inspo & styling tips. Collabs & PR ğŸ“©,https://instagram.com/p/174,2025-05-31T15:25:00Z,video,New drop alert ğŸš¨,15784,10
@user17,412580,Fashion,Daily outfit inspo & styling tips. Collabs & PR ğŸ“©,https://instagram.com/p/175,2025-05-31T15:25:00Z,post,Summer vibes in linen ğŸŒ,5262,10
@user18,597566,Fitness,"Sharing daily workout routines, healthy meals, and fitness tips.",https://instagram.com/p/181,2025-05-31T15:25:00Z,video,5 bodyweight exercises at home,6726,10
@user18,597566,Fitness,"Sharing daily workout routines, healthy meals, and fitness tips.",https://instagram.com/p/182,2025-05-31T15:25:00Z,video,5 bodyweight exercises at home,7139,10
@user18,597566,Fitness,"Sharing daily workout routines, healthy meals, and fitness tips.",https://instagram.com/p/183,2025-05-31T15:25:00Z,post,5 bodyweight exercises at home,17504,10
@user18,597566,Fitness,"Sharing daily workout routines, healthy meals, and fitness tips.",https://instagram.com/p/184,2025-05-31T15:25:00Z,video,Weekend hike views ğŸï¸,9824,10
@user18,597566,Fitness,"Sharing daily workout routines, healthy meals, and fitness tips.",https://instagram.com/p/185,2025-05-31T15:25:00Z,video,Weekend hike views ğŸï¸,1690,545
@user19,399658,Fitness,"Sharing daily workout routines, healthy meals, and fitness tips.",https://instagram.com/p/191,2025-05-31T15:25:00Z,video,Weekend hike views ğŸï¸,11942,10
@user19,399658,Fitness,"Sharing daily workout routines, healthy meals, and fitness tips.",https://instagram.com/p/192,2025-05-31T15:25:00Z,post,Weekend hike views ğŸï¸,18656,10
@user19,399658,Fitness,"Sharing daily workout routines, healthy meals, and fitness tips.",https://instagram.com/p/193,2025-05-31T15:25:00Z,video,Crushed today's leg day!,7014,10
@user19,399658,Fitness,"Sharing daily workout routines, healthy meals, and fitness tips.",https://instagram.com/p/194,2025-05-31T15:25:00Z,reel,Protein-packed breakfast,18505,10
@user19,399658,Fitness,"Sharing daily workout routines, healthy meals, and fitness tips.",https://instagram.com/p/195,2025-05-31T15:25:00Z,video,Protein-packed breakfast,11123,10
@user20,891143,Travel,"Exploring the world, one city at a time ğŸŒâœˆï¸",https://instagram.com/p/201,2025-05-31T15:25:00Z,video,Hidden beach in Thailand ğŸ–ï¸,8552,545
@user20,891143,Travel,"Exploring the world, one city at a time ğŸŒâœˆï¸",https://instagram.com/p/202,2025-05-31T15:25:00Z,post,Hidden beach in Thailand ğŸ–ï¸,10129,10
@user20,891143,Travel,"Exploring the world, one city at a time ğŸŒâœˆï¸",https://instagram.com/p/203,2025-05-31T15:25:00Z,post,Top 5 places in Bali ğŸŒ´,8438,10
@user20,891143,Travel,"Exploring the world, one city at a time ğŸŒâœˆï¸",https://instagram.com/p/204,2025-05-31T15:25:00Z,video,Hidden beach in Thailand ğŸ–ï¸,10158,10
@user20,891143,Travel,"Exploring the world, one city at a time ğŸŒâœˆï¸",https://instagram.com/p/205,2025-05-31T15:25:00Z,video,Hidden beach in Thailand ğŸ–ï¸,7504,45321
